{"21-12-18_19-13-38_0689.jpg": {"Latitude": 41.8783687, "Longitude": -87.6496947}, "P1020110.JPG": {"Latitude": 43.085554, "Longitude": -79.076083}, "P1020113.JPG": {"Latitude": 43.083547, "Longitude": -79.07778}, "P1020115.JPG": {"Latitude": 43.083547, "Longitude": -79.07778}, "P1020118.JPG": {"Latitude": 43.083547, "Longitude": -79.07778}, "P1020121.JPG": {"Latitude": 43.083547, "Longitude": -79.07778}, "P1020127.JPG": {"Latitude": 43.083547, "Longitude": -79.07778}, "P1020128.JPG": {"Latitude": 43.079068, "Longitude": -79.078239}, "P1020132.JPG": {"Latitude": 43.079068, "Longitude": -79.078239}, "P1020045.JPG": {"Latitude": 43.08568661792066, "Longitude": -79.06848242268903}, "P1020058.JPG": {"Latitude": 43.079954, "Longitude": -79.074224}, "P1020066.JPG": {"Latitude": 43.0830746842321, "Longitude": -79.07109997955281}, "P1020070.JPG": {"Latitude": 43.083074, "Longitude": -79.071099}, "P1020076.JPG": {"Latitude": 43.083074, "Longitude": -79.071099}, "P1020092.JPG": {"Latitude": 43.083074, "Longitude": -79.071099}, "P1020094.JPG": {"Latitude": 43.083074, "Longitude": -79.070335}, "froggy.JPG": {"Latitude": 62.5689565, "Longitude": 9.6869983}, "hvit_rein.JPG": {"Latitude": 62.7140844, "Longitude": 9.4756193}, "jeff.JPG": {"Latitude": 62.6401921, "Longitude": 9.4833296}, "panodrama.JPG": {"Latitude": 62.64758697782367, "Longitude": 9.517187233883226}, "rein.JPG": {"Latitude": 62.7140844, "Longitude": 9.4756193}, "sheepor.JPG": {"Latitude": 62.7140844, "Longitude": 9.4756193}, "storhorn_pano.JPG": {"Latitude": 62.64761995441731, "Longitude": 9.399505503885475}, "storhorn_pano_xl.JPG": {"Latitude": 62.64761995441731, "Longitude": 9.399505503885475}, "zoom_rein_1.JPG": {"Latitude": 62.7140844, "Longitude": 9.4756193}, "zoom_rein_2.JPG": {"Latitude": 62.7140844, "Longitude": 9.4756193}, "P1010648.JPG": {"Latitude": 62.64758697782367, "Longitude": 9.517187233883226}, "P1010677.JPG": {"Latitude": 62.64698371614664, "Longitude": 9.49106927131749}, "P1010691.JPG": {"Latitude": 62.64698371614664, "Longitude": 9.49106927131749}, "P1010729-edito.png": {"Latitude": 62.64431780281172, "Longitude": 9.447054810184149}, "P1010738.JPG": {"Latitude": 62.575798156360854, "Longitude": 9.726169891829906}, "P1010750.JPG": {"Latitude": 62.568850407961875, "Longitude": 9.711188265365024}, "P1010789.JPG": {"Latitude": 62.64462567643795, "Longitude": 9.487781703313534}, "P1010810.JPG": {"Latitude": 62.55621309207911, "Longitude": 9.690046603239505}, "P1010848.JPG": {"Latitude": 62.744480047366906, "Longitude": 9.311196169224381}, "P1010861.JPG": {"Latitude": 62.75456266271901, "Longitude": 9.331375007817625}, "P1010874.JPG": {"Latitude": 62.75456266271901, "Longitude": 9.331375007817625}, "P1010876.JPG": {"Latitude": 62.75456266271901, "Longitude": 9.331375007817625}, "P1010927.JPG": {"Latitude": 62.67943871678078, "Longitude": 9.34683454230909}, "P1010943.JPG": {"Latitude": 62.65137795000456, "Longitude": 9.371000239453824}, "P1010971.JPG": {"Latitude": 62.651377, "Longitude": 9.371}, "P1010977.JPG": {"Latitude": 62.644588298538004, "Longitude": 9.487818418917692}, "P1010985.JPG": {"Latitude": 62.70763447282713, "Longitude": 9.154824770566524}, "P1020001.JPG": {"Latitude": 62.70763447282713, "Longitude": 9.154824770566524}, "P1020010.JPG": {"Latitude": 62.70982230898127, "Longitude": 9.176784857611331}, "IMG_0148.jpg": {"Latitude": 62.67809402629545, "Longitude": 9.51172533185424}, "P1010511.JPG": {"Latitude": 59.93635066595544, "Longitude": 10.7940883994969}, "pus.JPG": {"Latitude": 59.93635066595544, "Longitude": 10.7940883994969}, "sleep_pus.png": {"Latitude": 59.93635066595544, "Longitude": 10.7940883994969}, "wake_pus.JPG": {"Latitude": 59.93635066595544, "Longitude": 10.7940883994969}, "17-07-03_15-12-55_B4A4.jpg": {"Latitude": 37.060177785103406, "Longitude": 15.292588123463538}, "P1010320.JPG": {"Latitude": 35.70996033413583, "Longitude": 139.8107232874187}, "P1010414.JPG": {"Latitude": 35.70996033413583, "Longitude": 139.8107232874187}, "P1010438.JPG": {"Latitude": 35.70996033413583, "Longitude": 139.8107232874187}, "P1010455.JPG": {"Latitude": 35.694711, "Longitude": 139.701675}, "P1020191.JPG": {"Latitude": 62.4339, "Longitude": 9.40841}, "P1020195.JPG": {"Latitude": 62.4339, "Longitude": 9.40841}, "P1020204.JPG": {"Latitude": 62.4339, "Longitude": 9.40841}, "P1020209.JPG": {"Latitude": 62.4339, "Longitude": 9.40841}, "P1020217.JPG": {"Latitude": 62.532902, "Longitude": 9.717356}, "P1020220.JPG": {"Latitude": 62.532902, "Longitude": 9.717356}}